feature,importance
PPE,0.11620881342053628
spread1,0.11112810113796814
NHR,0.054959248533436485
MDVP:Flo(Hz),0.05479427456610409
MDVP:Fo(Hz),0.0545372292508164
MDVP:APQ,0.05087634432654357
Shimmer:APQ5,0.04650234666419119
MDVP:Fhi(Hz),0.04288430356675417
MDVP:RAP,0.042085596286528096
HNR_NHR_ratio,0.038958136344015466
