model,roc_auc
XGBoost,0.9827586206896551
Random Forest,0.9689655172413794
Gradient Boosting,0.9655172413793103
SVM,0.9827586206896552
