feature,importance
Glucose,0.2156347780641861
Glucose_Insulin,0.15430415047200907
BMI_Age,0.1298567473664421
BMI,0.09453899582463356
High_Glucose,0.08146950412218691
Age,0.07391905792736045
DiabetesPedigreeFunction,0.07005925383220332
Insulin,0.04405294003316493
Pregnancies,0.040337229560193706
SkinThickness,0.038585647751223015
BloodPressure,0.03475135957141412
Obese,0.01877460626511176
High_Risk_Age,0.003715729209871121
