model,roc_auc
XGBoost,0.822037037037037
Random Forest,0.8101851851851851
