hand_value,bust_probability
12,0.38918
13,0.45914
14,0.5412
15,0.61346
16,0.69404
17,0.76786
18,0.84746
19,0.92416
20,1.0
21,1.0
