feature,importance
weather_severity,0.3645279057945071
nas_congestion,0.33015274832374
carrier_issues,0.16354298453458457
late_aircraft,0.05708431112126624
airport_DFW,0.02413285575605526
airline_Delta,0.011127844121449886
airport_SEA,0.007774913309705297
season_summer,0.006986939946089118
airline_United,0.006940937233700083
season_winter,0.0057931077920804035
