epoch,train_loss,test_loss
1,0.6896363735198975,0.661679208278656
2,0.6547071814537049,0.6349926292896271
3,0.586007809638977,0.5474503636360168
4,0.47475171089172363,0.4630358815193176
5,0.3455479145050049,0.352180153131485
